T_r_z,TC_3.7_-1.4,TC_3.7_-4.0,TC_3.7_-8.0,TC_11.1_-1.4,TC_11.1_-4.0,TC_13.0_0.0,TC_13.2_-1.0
sec,deg_C,deg_C,deg_C,deg_C,deg_C,deg_C,deg_C
-60,16.3,16.2,16.3,16.3,16.3,14.6,16.1
-50,16.4,16.3,16.3,16.3,16.3,14.6,16.0
-40,16.3,16.2,16.3,16.3,16.3,14.6,15.9
-30,16.3,16.2,16.3,16.3,16.3,14.5,16.0
-20,16.3,16.2,16.3,16.3,16.3,14.6,15.9
-10,16.3,16.2,16.3,16.3,16.3,14.4,16.0
0,16.5,16.3,16.4,16.5,16.4,27.6,16.2
10,17.9,17.1,16.8,17.4,16.9,49.3,17.5
20,18.7,17.3,16.8,18.1,17.1,52.6,17.6
30,19.0,17.4,16.8,18.4,17.2,53.6,17.4
40,19.0,17.5,16.9,18.8,17.1,na,18.6
50,19.8,17.3,16.8,19.3,17.2,na,20.4
60,20.8,17.1,16.9,19.7,17.4,na,21.0
70,20.8,17.2,16.9,20.1,17.5,55.2,21.5
80,21.9,17.3,17.0,20.8,17.6,55.2,23.3
90,22.6,17.3,17.0,21.5,17.6,55.4,24.7
100,23.1,17.4,17.1,22.0,17.7,55.6,25.5
110,23.9,17.4,17.1,22.5,17.8,55.8,26.2
120,24.5,17.6,17.2,23.1,17.9,56.0,27.2
130,25.0,17.5,17.3,23.7,18.0,56.1,28.1
140,25.8,17.8,17.3,24.1,18.0,56.1,28.8
150,26.4,17.8,17.3,24.6,18.1,56.1,29.4
160,26.7,17.8,17.4,25.1,18.1,56.2,29.9
170,27.4,18.1,17.4,25.6,18.2,56.2,30.5
180,28.0,18.0,17.5,26.1,18.3,56.4,31.3
190,28.4,18.4,17.6,26.6,18.4,56.4,31.9
200,28.9,18.5,17.6,27.1,18.4,56.5,32.4
210,29.5,18.5,17.7,27.5,18.5,56.4,32.8
220,29.8,18.6,17.7,27.9,18.6,56.5,33.5
230,30.3,18.6,17.8,28.3,18.7,56.6,34.0
240,30.7,18.7,17.8,28.7,18.8,56.6,34.4
250,31.0,18.8,17.9,29.1,18.8,56.5,34.7
260,31.5,18.9,17.9,29.4,18.9,56.5,35.2
270,31.8,19.1,18.0,29.7,19.0,56.5,35.7
280,32.2,19.0,17.9,30.2,19.1,56.5,35.9
290,32.7,19.0,18.0,30.5,19.2,56.5,36.4
300,32.8,19.3,18.1,30.9,19.3,56.6,36.8
310,33.3,19.4,18.1,31.1,19.3,56.6,37.2
320,33.5,19.5,18.1,31.5,19.4,56.6,37.5
330,33.8,19.5,18.2,31.7,19.5,56.6,37.9
340,34.2,19.6,18.2,32.0,19.5,56.6,38.2
350,34.4,19.5,18.2,32.4,19.6,56.6,38.4
360,34.8,19.8,18.4,32.7,19.7,56.6,38.7
370,35.0,19.8,18.3,32.9,19.8,56.6,39.0
380,35.3,20.0,18.4,33.2,19.9,56.6,39.1
390,35.6,20.0,18.4,33.4,20.0,56.7,39.5
400,35.9,20.2,18.4,33.7,20.1,56.7,39.6
410,36.1,20.3,18.5,34.0,20.2,56.7,39.9
420,36.4,20.3,18.5,34.2,20.3,56.7,40.3
430,36.6,20.3,18.6,34.5,20.3,56.7,40.7
440,36.9,20.5,18.6,34.7,20.4,56.7,40.8
450,37.1,20.6,18.7,35.0,20.5,56.7,41.0
460,37.3,20.7,18.7,35.2,20.6,56.7,41.2
470,37.6,20.7,18.8,35.5,20.7,56.7,41.5
480,37.8,20.8,18.8,35.6,20.8,56.7,41.6
490,38.0,20.8,18.8,35.8,20.8,56.7,41.8
500,38.3,20.9,18.8,36.0,20.9,56.7,42.1
510,38.5,21.1,19.0,36.3,21.0,56.6,42.4
520,38.7,21.1,18.9,36.5,21.1,56.7,42.6
530,38.8,21.2,18.9,36.6,21.1,56.7,42.7
540,39.1,21.3,18.9,36.9,21.2,56.7,43.0
550,39.3,21.3,19.0,37.1,21.3,56.7,43.3
560,39.5,21.4,19.0,37.3,21.4,56.7,43.4
570,39.7,21.5,19.1,37.5,21.4,56.8,43.5
580,39.9,21.5,19.2,37.6,21.5,56.7,43.4
590,40.1,21.6,19.2,37.8,21.6,56.7,43.4
600,40.2,21.7,19.2,38.0,21.7,56.8,43.9
610,40.5,21.8,19.2,38.2,21.8,56.8,44.3
620,40.6,21.9,19.2,38.4,21.9,56.9,44.6
630,40.8,22.0,19.3,38.5,21.9,56.9,44.7
640,41.0,22.0,19.3,38.7,22.0,56.9,44.8
650,41.1,22.1,19.4,38.9,22.1,56.9,45.1
660,41.3,22.2,19.4,39.1,22.2,56.9,45.2
670,41.5,22.3,19.5,39.2,22.2,56.9,45.6
680,41.7,22.3,19.4,39.4,22.3,56.9,45.7
690,41.8,22.4,19.5,39.6,22.4,56.9,45.8
700,42.0,22.5,19.5,39.7,22.5,56.9,46.1
710,42.2,22.6,19.5,39.9,22.6,56.9,46.2
720,42.2,22.6,19.5,40.0,22.6,56.9,46.4
730,42.5,22.7,19.7,40.2,22.7,57.0,46.5
740,42.6,22.8,19.6,40.4,22.8,56.9,46.6
750,42.8,22.9,19.6,40.5,22.9,56.9,46.8
760,43.0,23.0,19.6,40.7,22.9,57.0,46.9
770,43.1,23.0,19.7,40.8,23.0,56.9,47.0
780,43.3,23.1,19.7,41.0,23.1,56.9,47.1
790,43.4,23.2,19.7,41.1,23.2,56.9,47.3
800,43.5,23.2,19.8,41.2,23.2,56.8,47.1
810,43.7,23.3,19.8,41.4,23.3,56.7,47.2
820,43.9,23.4,19.8,41.6,23.4,56.8,47.6
830,44.0,23.4,19.8,41.7,23.5,56.8,47.9
840,44.2,23.6,19.9,41.9,23.6,57.0,48.2
850,44.3,23.6,19.9,42.0,23.6,56.9,48.2
860,44.5,23.7,19.9,42.1,23.7,56.9,48.3
870,44.6,23.7,19.9,42.3,23.8,56.9,48.5
880,44.7,23.8,20.0,42.5,23.8,56.8,48.8
890,44.9,23.9,20.0,42.6,23.9,56.9,48.9
900,45.1,24.0,20.1,42.8,24.0,57.0,49.1
910,45.2,24.1,20.1,42.9,24.1,57.1,49.1
920,45.4,24.2,20.1,43.0,24.1,56.9,49.1
930,45.5,24.2,20.2,43.2,24.2,56.9,49.2
940,45.6,24.3,20.2,43.3,24.3,56.9,49.2
950,45.8,24.3,20.2,43.4,24.4,56.8,49.4
960,45.9,24.4,20.3,43.6,24.4,56.8,49.8
970,46.0,24.5,20.3,43.7,24.5,56.8,50.0
980,46.2,24.6,20.3,43.8,24.6,56.8,50.1
990,46.3,24.6,20.4,43.9,24.7,56.8,50.2
1000,46.4,24.7,20.4,44.0,24.7,56.8,50.4
1010,46.5,24.7,20.4,44.1,24.8,56.8,50.4
1020,46.5,24.8,20.4,44.2,24.8,56.8,50.4
1030,46.6,24.8,20.5,44.3,24.9,56.7,50.2
1040,46.7,24.9,20.4,44.4,25.0,56.7,50.0
1050,46.8,25.0,20.6,44.4,25.0,56.8,50.4
1060,46.9,25.0,20.7,44.5,25.1,56.9,50.6
1070,46.9,25.1,20.7,44.6,25.1,56.9,50.9
1080,46.9,25.1,20.8,44.6,25.2,56.9,50.8
1090,47.0,25.2,20.6,44.7,25.2,56.8,50.5
1100,47.0,25.2,20.7,44.7,25.3,57.0,50.6
1110,47.0,25.3,20.7,44.7,25.4,57.0,50.8
1120,47.1,25.4,20.8,44.8,25.4,56.9,50.5
1130,47.1,25.4,20.8,44.8,25.5,57.0,50.7
1140,47.1,25.5,20.9,44.8,25.5,56.8,50.4
1150,47.1,25.5,20.8,44.8,25.5,56.8,50.4
1160,47.1,25.5,20.9,44.8,25.6,56.8,50.2
1170,47.2,25.6,21.0,44.9,25.7,56.9,50.7
1180,47.2,25.7,21.0,45.0,25.7,57.0,50.9
1190,47.2,25.7,21.1,45.0,25.8,57.0,51.0
1200,47.2,25.8,21.1,45.0,25.8,57.0,51.0
1210,47.3,25.8,21.1,45.0,25.9,57.0,50.9
1220,47.3,25.9,21.1,45.0,25.9,56.9,50.5
1230,47.3,25.9,21.3,45.1,26.0,56.8,50.4
1240,47.3,26.0,21.3,45.1,26.0,56.8,50.5
1250,47.3,26.0,21.3,45.1,26.0,57.0,50.8
1260,47.4,26.1,21.5,45.2,26.1,57.0,51.0
1270,47.4,26.1,21.5,45.1,26.1,57.0,51.0
1280,47.4,26.2,21.5,45.2,26.2,57.0,50.8
1290,47.4,26.2,21.5,45.2,26.2,56.9,51.0
1300,47.4,26.3,21.6,45.2,26.3,57.0,51.0
1310,47.4,26.3,21.6,45.3,26.3,57.0,51.0
1320,47.4,26.3,21.7,45.3,26.4,57.0,50.9
1330,47.4,26.4,21.7,45.3,26.4,57.0,50.8
1340,47.5,26.5,21.7,45.3,26.5,57.0,50.8
1350,47.5,26.5,21.7,45.4,26.6,57.0,50.8
1360,47.5,26.5,21.7,45.4,26.6,57.0,50.8
1370,47.5,26.6,21.7,45.4,26.7,57.0,50.8
1380,47.5,26.6,21.8,45.4,26.7,57.1,51.0
1390,47.5,26.7,21.8,45.4,26.7,57.1,50.9
1400,47.5,26.7,21.9,45.4,26.8,57.0,50.8
1410,47.6,26.7,21.9,45.5,26.8,57.0,50.9
1420,47.6,26.8,21.9,45.5,26.9,57.0,51.0
1430,47.6,26.8,22.0,45.5,26.9,57.0,51.1
1440,47.6,26.9,22.0,45.6,27.0,57.0,51.1
1450,47.6,26.9,22.0,45.6,27.0,57.1,51.1
1460,47.7,27.0,22.1,45.6,27.0,57.0,51.1
1470,47.7,27.0,22.1,45.6,27.1,57.0,51.0
1480,47.7,27.1,22.2,45.6,27.1,57.1,51.0
1490,47.7,27.1,22.2,45.7,27.2,57.1,51.0
1500,47.7,27.1,22.2,45.7,27.2,57.0,51.1
1510,47.8,27.2,22.2,45.7,27.3,57.1,51.2
1520,47.8,27.2,22.2,45.7,27.3,57.1,51.3
1530,47.8,27.2,22.3,45.8,27.3,57.1,51.2
1540,47.8,27.3,22.3,45.8,27.4,57.1,51.2
1550,47.8,27.3,22.3,45.8,27.4,57.1,51.1
1560,47.8,27.4,22.3,45.8,27.5,57.2,50.8
1570,47.9,27.4,22.4,45.9,27.5,57.1,50.8
1580,47.9,27.5,22.4,45.9,27.6,57.1,51.0
1590,47.9,27.5,22.4,45.9,27.6,57.1,51.1
1600,48.0,27.6,22.5,46.0,27.7,57.1,51.3
1610,48.0,27.6,22.5,46.0,27.7,57.2,51.2
1620,48.0,27.6,22.5,46.0,27.7,57.2,50.9
1630,48.0,27.7,22.6,46.0,27.8,57.3,51.0
1640,48.0,27.7,22.6,46.1,27.8,57.3,51.1
1650,48.1,27.8,22.6,46.1,27.9,57.3,51.2
1660,48.0,27.8,22.6,46.1,27.9,57.3,51.1
1670,48.1,27.8,22.7,46.1,27.9,57.3,51.2
1680,48.1,27.9,22.7,46.1,28.0,57.3,51.3
1690,48.1,27.9,22.7,46.1,28.0,57.3,51.1
1700,48.1,28.0,22.7,46.1,28.0,57.3,50.9
1710,48.1,28.0,22.8,46.2,28.1,57.2,50.7
1720,48.2,28.1,22.8,46.2,28.1,57.2,50.9
1730,48.2,28.1,22.8,46.2,28.2,57.3,51.3
1740,48.2,28.1,22.8,46.3,28.2,57.4,51.5
1750,48.2,28.2,22.9,46.3,28.3,57.4,51.6
1760,48.2,28.2,22.9,46.2,28.3,57.4,51.5
1770,48.2,28.2,22.9,46.3,28.3,57.5,51.3
1780,48.3,28.3,22.9,46.3,28.4,57.4,51.2
1790,48.3,28.3,23.0,46.4,28.4,57.3,51.0
1800,48.3,28.3,23.0,46.4,28.4,57.4,51.2
1810,48.3,28.4,23.0,46.4,28.5,57.4,51.3
1820,48.3,28.4,23.0,46.4,28.5,57.4,51.1
1830,48.4,28.5,23.1,46.5,28.5,57.3,51.3
1840,48.4,28.5,23.1,46.5,28.6,57.3,51.3
1850,48.5,28.5,23.1,46.5,28.6,57.2,51.4
1860,48.5,28.6,23.1,46.6,28.7,57.2,51.1
1870,48.5,28.6,23.2,46.6,28.7,57.3,51.1
1880,48.6,28.6,23.2,46.7,28.8,57.4,51.5
1890,48.6,28.7,23.2,46.7,28.8,57.3,51.3
1900,48.6,28.7,23.2,46.7,28.8,57.3,51.5
1910,48.7,28.7,23.2,46.7,28.8,57.3,51.7
1920,48.7,28.8,23.2,46.8,28.9,57.3,51.8
1930,48.7,28.8,23.3,46.8,28.9,57.3,51.9
1940,48.7,28.8,23.3,46.8,28.9,57.3,51.9
1950,48.7,28.9,23.3,46.9,29.0,57.3,51.9
1960,48.8,28.9,23.3,46.9,29.0,57.3,51.8
1970,48.8,29.0,23.3,47.0,29.1,57.3,52.0
1980,48.9,29.0,23.4,47.0,29.1,57.3,52.1
1990,49.0,29.1,23.4,47.1,29.2,57.3,52.1
2000,49.0,29.1,23.4,47.1,29.2,57.2,51.7
2010,49.0,29.1,23.5,47.1,29.2,57.2,51.5
2020,49.1,29.2,23.5,47.1,29.2,57.2,51.2
2030,49.1,29.2,23.5,47.2,29.3,57.4,51.6
2040,49.2,29.3,23.5,47.3,29.4,57.2,51.4
2050,49.2,29.3,23.6,47.3,29.4,57.2,51.3
2060,49.3,29.3,23.6,47.4,29.4,57.4,51.9
2070,49.3,29.4,23.6,47.4,29.5,57.5,52.5
2080,49.4,29.4,23.7,47.4,29.5,57.6,52.5
2090,49.4,29.5,23.7,47.5,29.6,57.4,52.4
2100,49.5,29.5,23.7,47.6,29.6,57.5,52.5
2110,49.5,29.5,23.7,47.6,29.6,57.4,52.2
2120,49.6,29.6,23.7,47.6,29.7,57.4,52.3
2130,49.6,29.6,23.8,47.7,29.7,57.3,52.3
2140,49.7,29.7,23.8,47.8,29.8,57.4,52.3
2150,49.7,29.7,23.8,47.8,29.8,57.3,52.4
2160,49.8,29.7,23.8,47.8,29.8,57.3,52.6
2170,49.8,29.8,23.8,47.9,29.9,57.4,52.4
2180,49.8,29.8,23.9,47.9,29.9,57.3,52.5
2190,49.9,29.8,23.9,48.0,29.9,57.3,52.6
2200,49.9,29.9,23.9,48.0,30.0,57.4,52.7
2210,49.9,29.9,23.9,48.0,30.0,57.3,52.7
2220,50.0,29.9,23.9,48.1,30.0,57.2,52.6
2230,50.0,30.0,24.0,48.1,30.1,57.2,52.3
2240,50.0,30.0,24.0,48.1,30.1,57.1,52.1
2250,50.0,30.0,24.0,48.1,30.1,57.1,52.0
2260,50.1,30.1,24.0,48.2,30.2,57.1,52.3
2270,50.1,30.1,24.0,48.2,30.2,57.2,52.5
2280,50.1,30.1,24.0,48.2,30.2,57.2,52.5
2290,50.2,30.1,24.1,48.2,30.2,57.1,52.4
2300,50.2,30.2,24.1,48.3,30.3,57.1,52.4
2310,50.3,30.2,24.1,48.4,30.4,57.2,52.9
2320,50.3,30.3,24.2,48.4,30.4,57.3,53.2
2330,50.3,30.3,24.1,48.4,30.4,57.2,53.0
2340,50.4,30.3,24.2,48.5,30.4,57.1,52.4
2350,50.4,30.4,24.2,48.5,30.5,57.1,52.6
2360,50.4,30.4,24.2,48.6,30.5,57.1,52.8
2370,50.5,30.4,24.2,48.6,30.5,57.1,52.9
2380,50.5,30.4,24.3,48.6,30.6,57.1,52.7
2390,50.5,30.5,24.3,48.7,30.6,56.9,52.5
2400,50.6,30.5,24.3,48.8,30.6,57.0,52.5
2410,50.6,30.6,24.3,48.8,30.7,57.0,52.4
2420,50.6,30.6,24.3,48.8,30.7,56.9,52.5
2430,50.7,30.6,24.4,48.8,30.8,56.9,52.5
2440,50.7,30.7,24.4,48.9,30.8,56.9,52.5
2450,50.8,30.7,24.4,49.0,30.8,57.2,53.0
2460,50.8,30.7,24.4,49.0,30.9,57.3,53.8
2470,50.9,30.8,24.5,49.0,30.9,57.4,54.2
2480,50.9,30.8,24.5,49.1,30.9,57.6,54.4
2490,51.0,30.9,24.5,49.1,31.0,57.6,54.5
2500,51.1,30.9,24.5,49.2,31.0,57.7,54.3
