T_r_z,TC_13.0_0,TC_3.7_-1.4,TC_3.7_-4.0,TC_3.7_-8.0,TC_11.1_-1.4,TC_11.1_-4.0,TC_13.2_-1.0
sec,deg_C,deg_C,deg_C,deg_C,deg_C,deg_C,deg_C
-60,19.1,19.6,19.5,19.5,19.5,19.5,19.3
-50,19.1,19.6,19.5,19.5,19.5,19.5,19.3
-40,19.1,19.5,19.5,19.5,19.5,19.5,19.3
-30,19.0,19.5,19.5,19.5,19.5,19.4,19.3
-20,19.1,19.5,19.5,19.5,19.5,19.4,19.3
-10,19.1,19.5,19.5,19.5,19.5,19.5,19.3
0,31.1,19.5,19.5,19.5,19.5,19.5,19.3
10,61.9,19.7,19.6,19.5,19.6,19.5,19.4
20,69.5,19.9,19.7,19.5,19.7,19.6,19.5
30,71.4,20.1,19.7,19.6,19.8,19.6,20.0
40,72.3,20.3,19.7,19.6,19.9,19.6,20.6
50,74.6,20.5,19.7,19.6,20.1,19.6,21.3
60,75.5,20.9,19.8,19.6,20.4,19.6,22.0
70,76.1,21.6,19.8,19.6,20.8,19.6,23.3
80,75.9,22.2,19.8,19.6,21.2,19.7,24.8
90,76.5,22.6,19.8,19.6,21.7,19.7,25.7
100,76.5,23.3,19.8,19.6,22.1,19.7,26.9
110,76.8,24.0,19.9,19.6,22.6,19.7,27.9
120,77.6,24.6,19.9,19.6,23.1,19.8,29.2
130,77.8,25.2,19.9,19.6,23.6,19.8,30.3
140,77.4,25.8,19.9,19.6,24.1,19.8,30.8
150,77.2,26.4,19.9,19.6,24.6,19.8,31.5
160,77.4,26.9,19.9,19.6,25.1,19.8,32.0
170,77.1,27.5,19.9,19.6,25.6,19.8,32.9
180,77.1,28.0,20.0,19.6,26.1,19.9,33.5
190,76.9,28.5,20.0,19.6,26.5,19.9,33.8
200,77.5,29.0,20.0,19.7,26.9,19.9,34.6
210,78.1,29.5,20.0,19.7,27.3,19.9,35.5
220,77.7,29.9,20.0,19.7,27.7,20.0,35.9
230,77.6,30.4,20.1,19.7,28.1,20.0,36.3
240,77.9,30.6,20.1,19.7,28.4,20.0,37.4
250,77.6,31.1,20.1,19.7,28.8,20.0,37.5
260,77.6,31.5,20.1,19.7,29.1,20.0,37.4
270,77.3,31.9,20.1,19.7,29.5,20.1,38.1
280,77.3,32.2,20.1,19.7,29.8,20.1,38.6
290,77.2,32.6,20.2,19.7,30.1,20.1,38.9
300,77.1,32.9,20.2,19.7,30.4,20.1,39.3
310,77.4,33.2,20.2,19.7,30.6,20.2,39.8
320,77.8,33.5,20.3,19.7,31.0,20.2,40.1
330,77.5,33.9,20.3,19.7,31.3,20.2,39.9
340,77.8,34.1,20.3,19.8,31.5,20.3,40.5
350,77.7,34.4,20.4,19.8,31.8,20.3,40.9
360,77.7,34.6,20.4,19.8,32.0,20.3,41.0
370,77.8,34.9,20.4,19.8,32.3,20.3,40.8
380,77.9,35.1,20.4,19.8,32.5,20.4,41.6
390,77.6,35.3,20.4,19.8,32.8,20.4,41.9
400,77.7,35.6,20.5,19.8,32.9,20.4,41.7
410,77.8,35.8,20.5,19.8,33.2,20.5,41.7
420,78.4,36.0,20.5,19.8,33.4,20.5,42.3
430,78.3,36.3,20.6,19.8,33.7,20.5,42.5
440,78.2,36.5,20.6,19.8,33.9,20.6,42.9
450,78.1,36.6,20.6,19.8,34.0,20.6,42.5
460,78.0,36.8,20.7,19.9,34.2,20.6,42.7
470,78.5,37.0,20.7,19.9,34.3,20.7,42.6
480,78.0,37.2,20.8,19.9,34.5,20.7,43.0
490,78.1,37.4,20.8,19.9,34.8,20.7,43.0
500,78.1,37.6,20.8,19.9,35.1,20.8,43.3
510,78.2,37.8,20.9,19.9,35.1,20.8,43.6
520,78.4,37.9,20.9,19.9,35.3,20.8,43.8
530,78.1,38.2,20.9,19.9,35.5,20.9,43.6
540,78.3,38.3,20.9,19.9,35.7,20.9,44.1
550,78.2,38.4,21.0,19.9,35.8,21.0,44.5
560,78.1,38.5,21.0,19.9,36.0,21.0,44.5
570,77.9,38.6,21.0,19.9,36.0,21.0,44.3
580,78.2,38.8,21.0,19.9,36.2,21.1,44.2
590,78.0,38.9,21.1,20.0,36.4,21.1,45.0
600,76.9,39.0,21.1,20.0,36.5,21.1,44.8
610,78.1,39.2,21.2,20.0,36.6,21.2,44.9
620,78.5,39.4,21.2,20.0,36.9,21.2,45.4
630,78.6,39.4,21.2,20.0,36.9,21.2,45.5
640,78.5,39.6,21.2,20.0,37.1,21.3,45.3
650,78.3,39.7,21.3,20.0,37.1,21.3,45.6
660,78.2,39.7,21.3,20.0,37.2,21.3,45.9
670,77.7,39.8,21.3,20.0,37.3,21.4,45.9
680,78.1,40.0,21.3,20.0,37.4,21.4,46.2
690,78.1,40.1,21.4,20.0,37.5,21.4,46.3
700,78.0,40.2,21.4,20.0,37.6,21.4,46.3
710,78.3,40.3,21.4,20.0,37.7,21.5,46.1
720,78.8,40.4,21.5,20.0,37.8,21.5,46.4
730,78.7,40.5,21.5,20.0,38.0,21.6,46.3
740,78.8,40.6,21.5,20.0,38.1,21.6,46.5
750,78.4,40.7,21.5,20.0,38.1,21.6,46.6
760,78.3,40.7,21.6,20.0,38.1,21.6,47.0
770,78.3,40.8,21.6,20.1,38.3,21.7,46.8
780,78.3,40.9,21.6,20.1,38.3,21.7,46.7
790,78.4,41.0,21.7,20.1,38.5,21.7,47.0
800,78.3,41.2,21.7,20.1,38.6,21.8,46.9
810,78.0,41.3,21.7,20.1,38.7,21.8,47.1
820,78.4,41.1,21.7,20.1,38.6,21.8,47.2
830,na,41.5,21.8,20.1,39.0,21.9,47.3
840,na,41.5,21.9,20.2,39.1,22.0,47.5
850,na,41.5,21.9,20.2,39.0,22.0,47.0
860,na,41.7,21.9,20.2,39.2,22.0,47.2
870,na,41.7,22.0,20.2,39.2,22.1,47.4
880,na,41.8,22.0,20.2,39.3,22.1,47.7
890,na,41.8,22.0,20.2,39.4,22.2,48.1
900,na,41.8,22.0,20.2,39.4,22.2,47.6
910,na,42.0,22.1,20.2,39.5,22.2,48.0
920,na,42.2,22.1,20.2,39.7,22.2,47.7
930,na,42.1,22.2,20.2,39.6,22.4,48.0
940,na,42.3,22.1,20.2,39.6,22.3,48.2
950,na,42.2,22.2,20.2,39.8,22.3,48.1
960,na,42.4,22.2,20.2,39.7,22.3,48.1
970,78.9,42.3,22.2,20.2,39.7,22.3,48.1
980,78.6,42.4,22.2,20.2,39.9,22.3,47.9
990,78.8,42.4,22.2,20.2,39.9,22.4,48.2
1000,78.5,42.5,22.2,20.2,40.1,22.4,48.4
1010,78.4,42.6,22.3,20.2,40.0,22.4,47.9
1020,78.7,42.7,22.3,20.2,40.2,22.5,48.1
1030,78.4,42.7,22.4,20.2,40.2,22.5,48.1
1040,78.8,42.8,22.4,20.2,40.2,22.5,48.5
1050,78.7,42.9,22.4,20.2,40.3,22.5,48.9
1060,78.5,42.9,22.4,20.3,40.4,22.6,48.9
1070,78.6,42.9,22.5,20.3,40.4,22.6,48.8
1080,78.8,43.0,22.5,20.3,40.4,22.6,49.1
1090,78.6,43.1,22.5,20.3,40.5,22.6,48.8
1100,78.7,43.1,22.5,20.3,40.6,22.7,49.1
1110,78.8,43.1,22.6,20.3,40.7,22.7,48.8
1120,78.7,43.2,22.6,20.3,40.7,22.8,48.9
1130,79.0,43.3,22.6,20.3,40.8,22.8,49.1
1140,78.8,43.4,22.6,20.3,40.8,22.8,49.1
1150,78.6,43.4,22.7,20.3,40.9,22.8,49.1
1160,78.4,43.5,22.7,20.3,40.9,22.9,49.1
1170,78.5,43.5,22.7,20.3,40.8,22.9,49.0
1180,79.1,43.6,22.7,20.3,41.0,22.9,49.5
1190,79.2,43.6,22.8,20.3,41.1,22.9,49.5
1200,79.1,43.7,22.8,20.3,41.1,23.0,49.6
1210,78.6,43.7,22.8,20.4,41.1,23.0,49.5
1220,79.0,43.7,22.9,20.4,41.2,23.0,49.7
1230,79.2,43.8,22.9,20.4,41.3,23.1,49.9
1240,79.0,43.9,22.9,20.4,41.3,23.1,49.5
1250,78.9,43.9,22.9,20.4,41.4,23.1,49.5
1260,79.0,44.0,23.0,20.4,41.3,23.1,49.5
1270,79.1,44.0,23.0,20.4,41.5,23.2,49.9
1280,79.1,44.0,23.0,20.4,41.5,23.2,50.0
1290,79.0,44.0,23.0,20.4,41.4,23.2,49.9
1300,78.9,44.0,23.0,20.4,41.6,23.2,49.7
1310,79.2,44.2,23.1,20.4,41.6,23.3,50.0
1320,78.9,44.1,23.1,20.4,41.7,23.3,50.5
1330,79.1,44.1,23.1,20.4,41.6,23.3,50.2
1340,78.9,44.3,23.1,20.4,41.8,23.3,50.4
1350,79.2,44.2,23.2,20.4,41.8,23.4,50.6
1360,78.7,44.3,23.2,20.5,41.8,23.4,50.4
1370,78.7,44.3,23.2,20.5,41.8,23.4,50.4
1380,78.6,44.4,23.3,20.5,41.8,23.5,50.3
1390,78.7,44.5,23.3,20.5,41.9,23.5,50.2
1400,79.2,44.5,23.3,20.5,42.0,23.5,50.0
1410,79.1,44.6,23.3,20.5,42.0,23.5,50.0
1420,79.2,44.5,23.3,20.5,41.9,23.5,50.5
1430,79.3,44.6,23.3,20.5,42.0,23.5,50.5
1440,79.1,44.6,23.4,20.5,42.1,23.6,50.8
1450,79.5,44.6,23.4,20.5,42.1,23.6,50.6
1460,78.9,44.7,23.4,20.5,42.1,23.6,50.2
1470,78.6,44.8,23.5,20.6,42.3,23.7,50.3
1480,78.7,44.8,23.5,20.6,42.2,23.7,50.1
1490,79.2,44.8,23.5,20.6,42.3,23.7,50.0
1500,79.6,44.9,23.5,20.6,42.4,23.7,50.4
1510,79.8,44.9,23.5,20.6,42.4,23.7,50.5
1520,79.9,44.9,23.6,20.6,42.4,23.8,51.0
1530,79.5,45.0,23.6,20.6,42.4,23.8,50.4
1540,79.3,45.0,23.6,20.6,42.5,23.8,50.5
1550,79.1,45.0,23.6,20.6,42.5,23.8,50.7
1560,79.0,45.0,23.6,20.6,42.5,23.8,51.1
1570,79.0,45.0,23.6,20.6,42.5,23.9,51.3
1580,79.1,45.1,23.7,20.6,42.6,23.9,50.9
1590,78.7,45.1,23.7,20.6,42.6,23.9,50.9
1600,79.0,45.0,23.7,20.6,42.5,23.9,50.9
1610,78.9,45.2,23.7,20.6,42.7,23.9,50.9
1620,78.4,45.2,23.7,20.6,42.7,24.0,50.3
1630,78.7,45.3,23.8,20.6,42.7,24.0,50.5
1640,79.2,45.2,23.8,20.6,42.6,24.0,50.4
1650,79.0,45.3,23.8,20.7,42.7,24.0,50.5
1660,78.8,45.3,23.8,20.7,42.9,24.0,50.8
1670,79.1,45.2,23.8,20.7,42.7,24.1,51.4
1680,79.2,45.3,23.8,20.7,42.8,24.1,51.1
1690,79.0,45.4,23.9,20.7,43.0,24.1,50.8
1700,78.8,45.4,23.9,20.7,43.0,24.1,50.6
1710,78.6,45.4,23.9,20.7,42.9,24.1,50.8
1720,78.7,45.4,23.9,20.7,42.9,24.1,50.8
1730,79.2,45.5,24.0,20.7,42.9,24.2,51.1
1740,79.0,45.6,24.0,20.7,43.1,24.2,51.0
1750,79.5,45.6,24.0,20.7,43.0,24.2,50.6
1760,79.6,45.6,24.0,20.7,43.1,24.2,51.2
1770,79.3,45.7,24.0,20.7,43.2,24.3,50.7
1780,79.2,45.7,24.1,20.7,43.2,24.3,51.0
1790,79.6,45.7,24.1,20.7,43.1,24.3,51.1
1800,79.2,45.7,24.1,20.7,43.2,24.3,51.2
1810,79.2,45.7,24.1,20.7,43.1,24.3,51.7
1820,79.3,45.8,24.1,20.7,43.2,24.4,51.8
1830,79.4,45.8,24.2,20.7,43.2,24.4,51.8
1840,79.2,45.9,24.2,20.7,43.3,24.4,51.5
1850,79.1,45.8,24.2,20.7,43.3,24.4,51.6
1860,79.2,45.9,24.2,20.7,43.3,24.4,51.6
1870,79.1,45.7,24.2,20.7,43.3,24.5,51.8
1880,79.2,45.9,24.2,20.8,43.4,24.5,51.6
1890,79.2,45.9,24.3,20.8,43.4,24.5,51.5
1900,79.3,46.0,24.3,20.8,43.4,24.5,51.6
1910,79.2,46.0,24.3,20.8,43.4,24.6,51.7
1920,78.8,46.0,24.3,20.8,43.5,24.6,51.3
1930,78.6,46.0,24.3,20.8,43.4,24.6,51.0
1940,78.6,46.0,24.3,20.8,43.5,24.6,50.8
1950,79.4,46.1,24.4,20.8,43.6,24.6,51.0
1960,80.2,46.2,24.4,20.8,43.6,24.6,51.5
1970,80.1,46.2,24.4,20.8,43.8,24.6,51.6
1980,80.0,46.2,24.4,20.8,43.7,24.7,51.8
1990,80.2,46.1,24.4,20.8,43.6,24.7,52.1
2000,80.3,46.2,24.5,20.8,43.8,24.7,52.1
2010,80.3,46.2,24.5,20.8,43.7,24.7,52.2
2020,79.8,46.3,24.5,20.8,43.8,24.7,52.1
2030,79.8,46.3,24.5,20.8,43.8,24.8,51.9
2040,79.5,46.3,24.5,20.8,43.7,24.8,51.7
2050,79.1,46.4,24.5,20.8,43.8,24.8,51.9
2060,79.5,46.3,24.5,20.8,43.8,24.8,52.1
2070,79.2,46.3,24.5,20.9,43.7,24.8,51.6
2080,79.3,46.5,24.5,20.9,43.8,24.8,51.7
2090,78.9,46.5,24.6,20.9,44.0,24.9,51.6
2100,79.6,46.5,24.6,20.9,43.9,24.9,51.7
2110,79.6,46.5,24.6,20.9,43.9,24.9,52.0
2120,79.5,46.5,24.6,20.9,44.0,24.9,51.9
2130,79.4,46.5,24.7,20.9,43.9,24.9,52.1
2140,79.6,46.5,24.7,20.9,44.0,25.0,51.8
2150,79.6,46.6,24.7,20.9,44.1,25.0,51.8
2160,79.3,46.6,24.7,20.9,44.1,25.0,51.5
2170,79.7,46.6,24.7,20.9,44.1,25.0,52.0
2180,79.7,46.6,24.7,20.9,44.1,25.0,52.1
2190,79.8,46.6,24.7,20.9,44.1,25.0,52.3
2200,79.4,46.7,24.8,20.9,44.1,25.1,51.6
2210,79.7,46.7,24.8,20.9,44.3,25.1,51.7
2220,79.6,46.7,24.8,20.9,44.1,25.1,52.3
2230,79.6,46.7,24.8,20.9,44.1,25.1,52.3
2240,79.7,46.8,24.8,20.9,44.3,25.1,52.3
2250,79.4,46.7,24.8,20.9,44.2,25.1,52.3
2260,79.8,46.8,24.9,21.0,44.2,25.1,52.6
2270,79.9,46.8,24.9,21.0,44.3,25.2,52.5
2280,79.0,46.9,24.9,21.0,44.4,25.2,52.2
2290,79.4,46.7,24.9,21.0,44.2,25.2,52.2
2300,79.2,46.9,24.9,21.0,44.3,25.2,52.0
2310,78.9,46.8,24.9,21.0,44.3,25.2,51.9
2320,78.8,46.9,24.9,21.0,44.4,25.2,51.9
2330,79.5,46.9,25.0,21.0,44.4,25.3,51.9
2340,80.1,47.0,25.0,21.0,44.4,25.3,52.5
2350,80.2,47.0,25.0,21.0,44.5,25.3,52.5
2360,79.9,47.0,25.0,21.0,44.6,25.3,52.7
2370,79.8,47.0,25.0,21.0,44.5,25.3,52.6
2380,79.7,47.0,25.0,21.0,44.5,25.3,52.7
2390,78.8,46.9,25.0,21.1,44.5,25.4,52.3
2400,79.7,47.1,25.1,21.1,44.5,25.4,52.1
2410,80.2,47.1,25.1,21.1,44.6,25.4,52.3
2420,80.0,47.2,25.1,21.1,44.7,25.4,52.5
2430,80.0,47.1,25.1,21.1,44.6,25.4,52.4
2440,80.2,47.1,25.1,21.1,44.6,25.4,52.9
2450,80.1,47.2,25.1,21.1,44.6,25.4,53.0
2460,80.1,47.2,25.2,21.1,44.7,25.5,52.9
2470,80.1,47.2,25.2,21.1,44.7,25.5,53.0
2480,80.1,47.3,25.2,21.1,44.7,25.5,52.8
2490,80.0,47.2,25.2,21.1,44.7,25.5,52.9
2500,79.8,47.4,25.2,21.1,44.8,25.5,52.9
2510,80.1,47.3,25.2,21.1,44.8,25.5,52.8
2520,79.8,47.4,25.2,21.1,44.8,25.6,52.8
2530,79.7,47.3,25.3,21.1,44.8,25.6,52.7
2540,78.7,47.3,25.3,21.1,44.8,25.6,52.3
2550,79.5,47.3,25.3,21.1,44.8,25.6,52.5
2560,80.5,47.4,25.3,21.1,44.9,25.6,53.0
2570,80.6,47.5,25.3,21.1,45.0,25.6,53.3
2580,80.5,47.5,25.3,21.1,45.0,25.7,53.1
2590,80.4,47.5,25.3,21.1,44.9,25.7,53.0
2600,80.5,47.5,25.3,21.1,45.0,25.7,53.2
2610,80.3,47.5,25.4,21.2,44.9,25.7,53.6
2620,79.9,47.5,25.4,21.2,45.1,25.7,53.0
2630,80.2,47.6,25.4,21.2,45.0,25.7,53.0
2640,80.1,47.6,25.4,21.2,45.1,25.7,52.8
2650,80.1,47.6,25.4,21.2,45.1,25.7,52.8
2660,80.1,47.7,25.5,21.2,45.2,25.7,53.1
2670,79.2,47.6,25.5,21.2,45.1,25.8,52.9
2680,79.9,47.7,25.5,21.2,45.2,25.8,52.7
2690,80.1,47.7,25.5,21.2,45.2,25.8,52.9
2700,80.1,47.7,25.5,21.2,45.1,25.8,53.2
2710,80.5,47.8,25.5,21.2,45.2,25.8,53.2
2720,80.2,47.8,25.5,21.2,45.2,25.8,53.1
2730,79.8,47.7,25.5,21.2,45.2,25.8,52.7
2740,79.8,47.8,25.5,21.2,45.1,25.9,52.8
2750,80.1,47.8,25.6,21.2,45.2,25.9,53.4
2760,80.2,47.8,25.6,21.2,45.3,25.9,53.4
2770,80.4,47.9,25.6,21.2,45.3,25.9,53.5
2780,80.2,47.8,25.6,21.2,45.3,25.9,53.3
2790,79.8,47.9,25.6,21.2,45.3,25.9,52.8
2800,80.4,47.9,25.6,21.2,45.4,25.9,53.1
2810,80.3,47.9,25.6,21.2,45.4,25.9,53.5
2820,80.2,47.9,25.6,21.2,45.3,26.0,53.4
2830,80.1,47.9,25.6,21.3,45.4,26.0,53.3
2840,80.0,47.9,25.6,21.2,45.4,26.0,53.4
2850,79.9,48.0,25.7,21.3,45.4,26.0,53.4
2860,80.1,48.0,25.7,21.3,45.4,26.0,53.2
2870,80.2,48.1,25.7,21.3,45.5,26.0,53.4
2880,80.3,48.1,25.7,21.3,45.5,26.0,53.6
2890,80.5,48.0,25.7,21.3,45.5,26.0,53.7
2900,80.1,48.0,25.7,21.3,45.5,26.0,53.8
2910,80.4,48.1,25.7,21.3,45.5,26.1,53.9
2920,80.2,48.1,25.7,21.3,45.6,26.1,54.0
2930,80.2,48.1,25.7,21.3,45.5,26.1,53.8
2940,80.5,48.0,25.7,21.3,45.6,26.1,53.9
2950,80.2,48.1,25.7,21.3,45.6,26.1,54.1
2960,80.4,48.1,25.8,21.3,45.6,26.1,54.1
2970,80.2,48.2,25.8,21.3,45.6,26.1,54.0
2980,80.0,48.2,25.8,21.3,45.7,26.1,53.5
2990,80.1,48.2,25.8,21.3,45.7,26.2,53.6
3000,80.1,48.2,25.8,21.3,45.7,26.2,53.7
3010,80.4,48.3,25.8,21.3,45.6,26.2,54.1
3020,80.2,48.2,25.8,21.3,45.8,26.2,53.8
3030,80.2,48.3,25.9,21.3,45.7,26.2,53.7
3040,80.2,48.3,25.9,21.3,45.7,26.2,53.7
3050,80.0,48.3,25.9,21.3,45.8,26.2,53.5
3060,80.3,48.4,25.9,21.3,45.8,26.3,53.6
3070,80.1,48.4,25.9,21.4,45.8,26.3,53.6
3080,80.3,48.4,25.9,21.4,45.9,26.3,53.4
3090,80.5,48.5,25.9,21.4,46.0,26.3,53.8
3100,80.5,48.4,25.9,21.4,45.9,26.3,53.9
3110,80.5,48.5,25.9,21.4,46.0,26.3,53.8
3120,80.1,48.5,26.0,21.4,46.0,26.3,53.5
3130,80.0,48.5,26.0,21.4,45.9,26.3,53.4
3140,80.0,48.5,26.0,21.4,45.9,26.3,53.5
3150,80.2,48.5,26.0,21.4,45.9,26.4,54.0
3160,80.4,48.5,26.0,21.4,45.9,26.4,54.1
3170,80.3,48.6,26.0,21.4,46.0,26.4,54.0
3180,80.3,48.6,26.0,21.4,45.9,26.4,54.1
3190,80.5,48.6,26.0,21.4,46.0,26.4,54.2
3200,80.6,48.6,26.1,21.4,46.0,26.4,54.4
3210,80.4,48.6,26.1,21.4,46.1,26.4,54.0
3220,80.6,48.7,26.1,21.4,46.1,26.4,54.2
3230,80.7,48.7,26.1,21.4,46.2,26.4,54.3
3240,80.4,48.7,26.1,21.4,46.2,26.5,54.2
3250,80.5,48.6,26.1,21.4,46.0,26.5,54.6
3260,80.5,48.7,26.1,21.4,46.1,26.5,54.3
3270,80.6,48.7,26.1,21.4,46.1,26.5,54.4
3280,80.3,48.7,26.1,21.4,46.1,26.5,54.3
3290,80.3,48.7,26.1,21.4,46.1,26.5,54.3
3300,80.6,48.8,26.1,21.4,46.1,26.5,54.2
3310,80.5,48.7,26.1,21.4,46.2,26.5,54.2
3320,80.1,48.8,26.2,21.4,46.3,26.5,54.1
3330,80.1,48.8,26.2,21.5,46.2,26.6,53.9
3340,80.5,48.8,26.2,21.5,46.2,26.6,53.9
3350,80.5,49.0,26.2,21.5,46.4,26.6,54.0
3360,80.6,48.8,26.2,21.5,46.3,26.6,54.3
3370,80.1,49.0,26.2,21.5,46.4,26.6,54.1
3380,80.0,48.9,26.2,21.5,46.4,26.6,54.1
3390,80.0,48.9,26.3,21.5,46.3,26.6,54.0
3400,80.3,49.0,26.3,21.5,46.4,26.6,53.7
3410,80.5,48.9,26.3,21.5,46.5,26.6,54.1
3420,80.7,49.0,26.3,21.5,46.4,26.7,54.5
3430,80.4,49.0,26.3,21.5,46.4,26.7,54.4
3440,80.9,49.0,26.3,21.5,46.5,26.7,54.5
3450,80.1,49.0,26.3,21.5,46.4,26.7,54.2
3460,80.3,49.0,26.3,21.5,46.4,26.7,54.0
3470,80.2,49.1,26.3,21.5,46.5,26.7,54.6
3480,80.1,49.1,26.3,21.5,46.6,26.7,53.9
3490,80.5,49.0,26.3,21.5,46.5,26.7,54.2
3500,80.7,49.0,26.3,21.5,46.5,26.7,54.8
3510,80.6,49.1,26.3,21.5,46.5,26.8,54.3
3520,80.4,49.1,26.4,21.6,46.6,26.8,54.5
3530,80.0,49.1,26.4,21.6,46.6,26.8,54.4
3540,79.8,49.1,26.4,21.6,46.5,26.8,53.5
3550,80.5,49.2,26.4,21.6,46.6,26.8,53.6
3560,81.0,49.2,26.4,21.6,46.7,26.8,54.3
3570,81.0,49.3,26.5,21.6,46.7,26.8,54.4
3580,81.3,49.2,26.5,21.6,46.7,26.9,54.8
3590,81.4,49.3,26.5,21.6,46.7,26.8,55.1
3600,81.4,49.3,26.5,21.6,46.7,26.9,54.9
3610,81.1,49.4,26.5,21.6,46.7,26.9,55.3
3620,80.8,49.1,26.5,21.6,46.7,26.9,55.3
3630,81.2,49.3,26.5,21.6,46.7,26.9,54.9
3640,80.6,49.3,26.5,21.6,46.8,26.9,54.3
3650,81.1,49.4,26.5,21.6,46.8,26.9,54.4
3660,81.0,49.4,26.5,21.6,46.8,26.9,54.8
3670,81.0,49.4,26.6,21.6,46.8,26.9,54.8
3680,80.8,49.4,26.6,21.6,46.8,26.9,54.3
3690,81.2,49.5,26.6,21.6,46.8,26.9,55.0
3700,81.2,49.5,26.6,21.7,46.9,26.9,55.4
3710,81.2,49.4,26.6,21.7,46.9,27.0,55.1
3720,80.8,49.5,26.6,21.7,46.8,27.0,55.0
3730,80.7,49.5,26.6,21.7,46.9,27.0,54.8
3740,81.0,49.5,26.6,21.7,46.9,27.0,54.7
3750,81.1,49.6,26.6,21.7,47.0,27.0,54.9
3760,80.9,49.6,26.6,21.7,47.0,27.0,54.7
3770,81.1,49.6,26.6,21.7,47.0,27.0,54.8
3780,80.9,49.7,26.6,21.7,47.1,27.0,54.5
3790,80.9,49.6,26.7,21.7,47.0,27.0,54.8
3800,80.9,49.7,26.7,21.7,47.1,27.0,55.1
3810,80.8,49.7,26.7,21.7,47.1,27.0,55.1
3820,81.1,49.7,26.7,21.7,47.1,27.1,54.9
3830,80.9,49.7,26.7,21.7,47.2,27.1,55.0
3840,81.2,49.7,26.7,21.7,47.2,27.1,55.2
3850,81.2,49.8,26.7,21.7,47.1,27.1,55.4
3860,80.8,49.7,26.7,21.7,47.2,27.1,55.5
3870,81.3,49.8,26.7,21.7,47.2,27.1,55.9
3880,81.2,49.9,26.7,21.7,47.2,27.1,55.7
3890,80.8,49.8,26.7,21.7,47.2,27.1,55.4
3900,81.3,49.7,26.7,21.7,47.1,27.1,55.6
3910,81.0,49.8,26.7,21.7,47.2,27.1,55.3
3920,80.9,49.9,26.8,21.7,47.3,27.1,55.5
3930,80.9,49.9,26.8,21.7,47.3,27.1,55.7
3940,80.8,49.8,26.8,21.7,47.2,27.1,55.7
3950,80.7,49.9,26.8,21.7,47.3,27.1,55.8
3960,80.5,49.8,26.8,21.7,47.3,27.1,55.6
3970,80.6,49.9,26.8,21.7,47.2,27.2,55.7
3980,80.8,49.9,26.8,21.8,47.2,27.2,55.5
3990,80.5,49.9,26.8,21.8,47.3,27.2,55.4
4000,80.9,50.1,26.8,21.8,47.4,27.2,55.0
