T_r_z,TC_-0.8_1.0,TC_-3.3_1.0,TC_-6.8_1.0,TC_-0.9_13.0,TC_-3.5_13.0
sec,deg_C,deg_C,deg_C,deg_C,deg_C
-60,17.9,17.9,17.8,17.7,18
-50,17.9,17.9,17.8,17.7,18
-40,17.8,18,17.7,17.7,18
-30,17.9,17.9,17.8,17.6,17.9
-20,18.3,18.2,18.1,18,18.3
-10,18.3,18.2,18.1,18,18.4
0,17.9,17.9,17.8,17.7,18
10,18.1,17.9,17.8,17.9,18
20,20.4,18.1,18,18.4,18.1
30,22.7,18.2,18,19.1,18.2
40,24.9,18.2,17.9,20,18.2
50,26.1,18,17.9,20.4,18.1
60,28,18.4,18.3,21.6,18.4
70,29.3,18.3,18.1,22,18.2
80,31.4,18.3,18.1,22.8,18.3
90,32,18.3,18.1,23.7,18.3
100,34.4,18.3,18.1,24.9,18.3
110,36.2,18.4,18.3,26.2,18.5
120,38.1,18.5,18.3,27.3,18.5
130,39.2,18.5,18.2,28.4,18.4
140,41,18.3,18.1,29.5,18.3
150,42.2,18.2,18,30.3,18.2
160,43,18.2,18,31.1,18.2
170,44.1,18.2,17.9,31.8,18.2
180,44.5,18.2,18,32.8,18.2
190,46.1,18.4,18.1,33.7,18.5
200,46.9,18.8,18.4,34.7,18.8
210,47.6,18.9,18.4,35.4,18.7
220,47.7,18.5,18,35.8,18.4
230,48.7,18.5,18.1,36.2,18.5
240,49.5,18.7,18.3,36.7,18.7
250,49.9,18.8,18.4,37.4,18.8
260,50.3,18.9,18.4,37.9,18.8
270,50.3,18.8,18.2,37.9,18.6
280,50.9,19.2,18.5,38.8,18.9
290,51,19,18.6,38.8,19
300,51.1,19,18.4,39.1,18.9
310,51.6,19,18.3,39.3,18.8
320,52.3,19.4,18.6,40,19.1
330,52.2,19.3,18.5,40.2,19
340,52.3,19.4,18.4,40.5,19
350,52.4,19.4,18.4,40.7,19
360,52.4,19.3,18.4,40.8,19
370,52.9,19.3,18.4,41,19
380,53,19.6,18.3,41.4,19
390,53.1,19.5,18.2,41.3,18.9
400,53.1,19.5,18.2,41.9,19
410,53.8,20.1,18.7,42.6,19.5
420,53.8,19.9,18.6,42.9,19.6
430,54,19.9,18.4,42.9,19.4
440,54.3,19.9,18.4,43.2,19.3
450,54.3,20,18.4,43.5,19.3
460,54.7,20.2,18.5,43.9,19.5
470,54.7,20.3,18.7,44.1,19.7
480,54.4,20.3,18.6,44,19.6
490,54.8,20.7,18.8,44.6,19.9
500,54.6,20.5,18.6,44.6,19.7
510,54.6,20.5,18.5,44.8,19.6
520,54.9,20.7,18.6,45.3,19.8
530,55.2,20.9,18.7,45.6,20
540,55.3,21.1,18.7,45.7,20
550,55.6,21.2,18.8,45.6,20.1
560,56,21.2,18.8,45.8,20.2
570,56.5,21.5,18.9,46.5,20.4
580,56.3,21.6,18.9,46.6,20.5
590,55.7,21.2,18.5,46.2,20
600,55.7,21.4,18.7,46.3,20.2
610,55.6,21.7,18.8,46.8,20.4
620,55.8,21.4,18.6,46.4,20.2
630,56.3,21.5,18.6,46.5,20.2
640,56.7,21.7,18.8,46.6,20.5
650,56.3,21.8,18.9,46.8,20.7
660,55.9,21.6,18.6,47.1,20.5
670,56.1,21.6,18.7,47.3,20.6
680,56.8,22,19.1,47.4,21
690,56.7,21.7,18.8,47.1,20.7
700,57.3,21.9,18.9,47.6,20.9
710,57.3,21.7,18.7,47.3,20.8
720,57.3,22.1,19,47.8,21.1
730,57.2,21.9,18.8,47.5,21
740,57,21.8,18.6,47.6,20.8
750,57.2,21.9,18.6,47.6,20.8
760,57.2,22.1,18.7,47.7,20.9
770,57.2,22.1,18.7,48,21
780,57.9,22.3,18.8,48.1,21.2
790,58.1,22.7,19.1,48.8,21.7
800,57.9,22.3,18.8,48.3,21.3
810,57.9,22.4,18.8,48.4,21.4
820,58.1,22.6,19,48.8,21.6
830,57.8,22.5,18.8,49,21.5
840,57.4,22.6,18.8,49.1,21.5
850,57.8,23,19.1,49.4,21.9
860,57.6,22.7,18.8,49.1,21.6
870,57.9,23,19,49.3,21.8
880,58.2,23.3,19.2,49.6,22.1
890,57.7,23,18.9,49.4,21.8
900,57.9,23.2,19,49.4,21.9
910,57.9,23.4,19.2,49.8,22.3
920,57.8,23.6,19.3,50,22.4
930,57.7,23.2,18.9,49.7,22
940,58.4,23.3,19,50,22.2
950,59,23.6,19.3,50.2,22.4
960,58.6,23.7,19.2,50.2,22.4
970,57.9,23.5,19,50,22.3
980,58.5,23.9,19.4,50.8,22.7
990,58.6,23.6,19,50.1,22.4
1000,58.6,23.7,19.1,50.3,22.5
1010,58.8,23.8,19.1,50.3,22.6
1020,58.9,23.9,19.2,50.3,22.7
1030,58.9,23.9,19.2,50.5,22.7
1040,59,23.8,19,50.2,22.6
1050,59.3,24,19.1,50.3,22.7
1060,59.2,24.3,19.2,50.6,23
1070,59.2,24.1,19,50.3,22.7
1080,59,24.1,19.1,50.4,22.7
1090,59.3,24.5,19.4,51,23.1
1100,59,24.5,19.4,50.8,23.1
1110,59.2,24.3,19.3,50.7,23.1
1120,59.7,24.7,19.5,50.9,23.4
1130,59.3,24.5,19.3,50.8,23.1
1140,59.5,24.7,19.5,51,23.3
1150,59,24.5,19.3,51,23.1
1160,59.3,24.7,19.4,51.2,23.5
1170,59.1,24.5,19.3,51,23.3
1180,59,24.7,19.4,51,23.4
1190,59.4,25,19.6,51.2,23.6
1200,58.9,24.6,19.2,50.9,23.3
1210,59.3,24.8,19.5,50.9,23.6
1220,59,25,19.5,50.8,23.6
1230,58.8,24.8,19.3,50.7,23.5
1240,58.5,24.9,19.4,50.8,23.7
1250,58.9,24.8,19.3,50.8,23.6
1260,59.3,25.1,19.5,51.1,23.9
1270,58.8,25,19.4,50.7,23.8
1280,58.6,25,19.5,50.9,23.8
1290,59.2,25.2,19.6,51.1,24
1300,58.9,25.4,19.8,51.2,24.2
1310,58.8,25,19.4,51,23.9
1320,58.9,25.1,19.3,50.9,23.9
1330,59,25.3,19.6,51.7,24.1
1340,59,25.4,19.6,51.6,24.2
1350,59,25.1,19.4,51,23.9
1360,58.6,24.9,19.4,50.8,23.7
1370,58.7,25,19.5,50.9,23.8
1380,58.7,25.1,19.5,50.9,23.8
1390,58.8,25.1,19.5,50.9,23.9
1400,58.9,25.2,19.5,50.9,23.9
1410,59,25.2,19.5,50.9,24
1420,59.1,25.3,19.5,51,24.1
1430,59.2,25.4,19.6,51,24.1
1440,59.2,25.4,19.6,51,24.2
1450,59.3,25.5,19.6,51,24.2
1460,59.4,25.5,19.6,51.1,24.3
1470,59.5,25.6,19.6,51.1,24.3
1480,59.8,25.9,19.7,51.3,24.7
1490,59.4,25.8,19.6,51.3,24.6
1500,59.8,26,19.6,51.2,24.6
1510,59.5,26.1,19.8,51.6,24.8
1520,59.9,26.2,19.8,51.8,24.8
1530,59.9,26.1,19.9,51.5,24.9
1540,59.7,25.9,19.6,51.5,24.6
1550,59.7,26,19.5,51.6,24.6
1560,59.7,26.3,19.8,52,25
1570,59.6,26.2,19.6,51.6,24.8
1580,59.4,26,19.5,51.4,24.7
1590,59.6,26.3,19.7,51.7,25
1600,59.4,26.4,19.8,51.6,25
1610,59.3,26,19.5,51.3,24.7
1620,59.1,26.1,19.6,51.8,24.8
1630,59,26.3,19.7,51.7,25
1640,59.1,26.4,19.7,52.1,25
1650,59.5,26.7,19.8,51.9,25.2
1660,59.6,26.4,19.5,51.7,25
1670,59.5,26.4,19.6,51.9,25
1680,59.7,26.6,19.7,52,25.2
1690,59.8,26.7,19.9,52.2,25.4
1700,59.7,26.4,19.7,51.5,25.1
1710,59.6,26.4,19.6,51.5,25
1720,59.7,26.6,19.8,51.9,25.3
1730,59.8,26.8,19.9,52.1,25.5
1740,59.7,26.5,19.7,52,25.3
1750,60.1,27,20,52.4,25.6
1760,59.6,26.8,19.9,52.5,25.5
1770,59.6,26.8,19.8,51.9,25.4
1780,60,26.9,19.9,52.2,25.5
1790,59.8,27.1,19.8,52.4,25.5
1800,59.2,26.8,19.6,52.2,25.5
1810,59.2,26.9,19.7,52,25.5
1820,58.9,27,19.8,52.1,25.7
1830,59.1,27,19.7,52.1,25.6
1840,59.7,27.3,20.1,52.4,25.9
1850,59.8,27.3,20,52.5,25.9
1860,59.7,27.2,19.9,52.3,25.7
1870,59.9,27.4,20.1,52.4,26
1880,60.2,27.3,20,52.6,26.1
1890,60,27,19.8,52.4,25.7
1900,60,27.2,19.7,52.6,25.8
1910,60,27.2,19.8,52.6,25.9
1920,60,27.2,19.8,52.7,25.9
1930,60,27.2,19.8,52.7,25.9
1940,60.1,27.3,19.8,52.7,25.9
1950,60.1,27.3,19.8,52.8,25.9
1960,60.1,27.3,19.8,52.8,25.9
1970,60.1,27.3,19.8,52.8,26
1980,60.1,27.4,19.8,52.8,26
1990,60.1,27.4,19.8,52.9,26
2000,60.1,27.4,19.8,52.9,26
2010,60.1,27.4,19.9,52.9,26
2020,60.2,27.5,19.9,53,26.1
2030,60.2,27.5,19.9,53,26.1
2040,60.2,27.5,19.9,53,26.1
2050,60.2,27.5,19.9,53,26.1
2060,60.2,27.5,19.9,53.1,26.1
2070,60.2,27.6,19.9,53.1,26.1
2080,60.2,27.6,19.9,53.1,26.2
2090,60.3,27.6,19.9,53.2,26.2
2100,60.3,27.6,19.9,53.2,26.2
2110,60.3,27.7,19.9,53.2,26.2
2120,60.3,27.7,20,53.2,26.2
2130,60.3,27.7,20,53.3,26.3
2140,60.3,27.7,20,53.3,26.3
2150,60.3,27.8,20,53.3,26.3
2160,60.4,27.8,20,53.3,26.3
2170,60.4,27.8,20,53.4,26.3
2180,60.4,27.8,20,53.4,26.4
2190,60.4,27.9,20,53.4,26.4
2200,60.4,27.9,20,53.5,26.4
2210,60.4,27.9,20,53.5,26.4
2220,60.4,27.9,20,53.5,26.4
2230,60.4,27.9,20.1,53.5,26.4
2240,60.5,28,20.1,53.6,26.5
2250,60.5,28,20.1,53.6,26.5
2260,60.5,28,20.1,53.6,26.5
2270,60.5,28,20.1,53.7,26.5
2280,60.5,28.1,20.1,53.7,26.5
2290,60.5,28.1,20.1,53.7,26.6
2300,60.5,28.1,20.1,53.7,26.6
2310,60.6,28.1,20.1,53.8,26.6
2320,60.6,28.2,20.1,53.8,26.6
2330,60.6,28.2,20.2,53.8,26.6
2340,60.6,28.2,20.2,53.9,26.7
2350,60.6,28.2,20.2,53.9,26.7
2360,60.6,28.3,20.2,53.9,26.7
2370,60.6,28.3,20.2,53.9,26.7
2380,60.7,28.3,20.2,54,26.7
2390,60.7,28.3,20.2,54,26.7
2400,60.7,28.3,20.2,54,26.8
2410,60.7,28.4,20.2,54.1,26.8
2420,60.7,28.4,20.2,54.1,26.8
2430,60.7,28.4,20.2,54.1,26.8
2440,60.7,28.4,20.3,54.1,26.8
2450,60.7,28.5,20.3,54.2,26.9
2460,60.8,28.5,20.3,54.2,26.9
2470,60.8,28.5,20.3,54.2,26.9
2480,61.3,29.5,20.7,55.5,27.7
2490,61.7,29.7,20.9,55.7,27.8
2500,61.9,29.3,20.5,55.6,27.5
2510,62.3,29.5,20.7,55.5,27.7
2520,62.2,29.7,20.9,55.7,27.9
2530,62,29.8,21.2,55.9,28
2537.5,61.4,29.8,21.2,55.8,27.9
